#{"t_start": 1775400241.2757025, "env_id": "ALE/IceHockey-v5"}
r,l,t
-14.0,3231,51.100893
-14.0,3231,59.346783
